name,css,logo,email,url,phoneNumber
Charlton Car Wash,default.css,default.jpg,cjerdein0@independent.co.uk,http://unblog.fr,377-897-5505
Moselle Car Wash,default.css,default.jpg,mschmidt1@macromedia.com,http://jalbum.net,834-733-3079
Beau Car Wash,default.css,default.jpg,bvize2@reference.com,https://pagesperso-orange.fr,619-448-5758
Chip Car Wash,default.css,default.jpg,clangelay3@ebay.co.uk,http://huffingtonpost.com,497-447-4606
Germain Car Wash,default.css,default.jpg,gbrobeck4@vk.com,http://hostgator.com,823-147-7826
Isabella Car Wash,default.css,default.jpg,ipearcey5@va.gov,http://cdc.gov,205-245-0430
Leisha Car Wash,default.css,default.jpg,lsherratt6@cbslocal.com,https://seesaa.net,534-156-9225
Daniele Car Wash,default.css,default.jpg,dfowlie7@alibaba.com,http://upenn.edu,393-765-8619
Archie Car Wash,default.css,default.jpg,aperryman8@mac.com,http://arizona.edu,981-155-9586
Erasmus Car Wash,default.css,default.jpg,escruton9@archive.org,http://businessweek.com,423-627-9102
Gabriela Car Wash,default.css,default.jpg,gmcclenaghana@buzzfeed.com,https://google.com.au,362-126-0234
Luigi Car Wash,default.css,default.jpg,lgronoweb@discuz.net,http://twitpic.com,226-776-2853
Noell Car Wash,default.css,default.jpg,nschukertc@newsvine.com,https://themeforest.net,350-951-7196
Deeanne Car Wash,default.css,default.jpg,dranscombed@ed.gov,http://networkadvertising.org,524-141-3145
Harriott Car Wash,default.css,default.jpg,hdanielee@vk.com,https://clickbank.net,298-152-1066
Ahmad Car Wash,default.css,default.jpg,aallamf@jalbum.net,https://prlog.org,738-104-9541
Dannye Car Wash,default.css,default.jpg,dlabbezg@ed.gov,https://hugedomains.com,215-372-5064
Mata Car Wash,default.css,default.jpg,moheneghanh@jiathis.com,https://stanford.edu,489-243-8138
Jane Car Wash,default.css,default.jpg,jrobbeyi@vimeo.com,https://github.io,850-129-1775
Dorothy Car Wash,default.css,default.jpg,deamj@psu.edu,https://bing.com,703-431-2064
