urlRegister,nameRegister,emailRegister,phoneNumberRegister
https://example.com,Darelle,dheckner0@hao123.com,156-560-0325
http://sfgate.com,Anselma,acoules1@vinaora.com,630-352-2279
http://jalbum.net,Bianka,bboldison2@constantcontact.com,628-609-4062
http://mozilla.com,Teressa,tmoxstead3@dyndns.org,185-927-0903
https://washington.edu,Orton,olabatie4@sakura.ne.jp,471-594-4342
https://tumblr.com,Mar,mbenzi5@wsj.com,320-899-9653
https://digg.com,Gavan,gtomasi6@dot.gov,262-984-0738
https://com.com,Wylma,wgiamo7@washingtonpost.com,266-608-6087
http://nps.gov,Codi,cfairbairn8@google.co.uk,277-750-0765
http://google.com.au,Theresita,tmarples9@theglobeandmail.com,469-589-8237
https://sakura.ne.jp,Mycah,mstirleya@baidu.com,750-604-2743
https://wix.com,Zackariah,zcahanb@constantcontact.com,475-149-4026
http://free.fr,Kermie,kspikeingsc@blogger.com,222-252-8256
https://nifty.com,Sherrie,sjeffryesd@tripod.com,136-261-3009
http://last.fm,Tillie,tlopese@nymag.com,840-209-2718
